escola,municipio,estado,ano,arquivo,disciplina,acertos_medios,total_questoes,percentual_acertos,proficiencia,nivel
CIEP BRIZOLAO MUNICIPALIZADO 288 PROFESSOR RUY GONCALVES RAMOS,MENDES,RIO DE JANEIRO,6º ANO,C:\Users\User1\Downloads\OneDrive_1_02-06-2026 (1)\CIEP BRIZOLAO MUNICIPALIZADO 288 PROFESSOR RUY GONCALVES RAMOS\Consolidado Saex - 6º ANO.pdf,Língua Portuguesa,17.0,26.0,63.83,50.3,Aprendizado intermediário
CIEP BRIZOLAO MUNICIPALIZADO 288 PROFESSOR RUY GONCALVES RAMOS,MENDES,RIO DE JANEIRO,6º ANO,C:\Users\User1\Downloads\OneDrive_1_02-06-2026 (1)\CIEP BRIZOLAO MUNICIPALIZADO 288 PROFESSOR RUY GONCALVES RAMOS\Consolidado Saex - 6º ANO.pdf,Matemática,10.0,26.0,40.2,23.3,Defasagem
CIEP BRIZOLAO MUNICIPALIZADO 288 PROFESSOR RUY GONCALVES RAMOS,MENDES,RIO DE JANEIRO,7º ANO,C:\Users\User1\Downloads\OneDrive_1_02-06-2026 (1)\CIEP BRIZOLAO MUNICIPALIZADO 288 PROFESSOR RUY GONCALVES RAMOS\Consolidado Saex - 7º ANO.pdf,Língua Portuguesa,14.0,26.0,54.57,41.2,Aprendizado intermediário
CIEP BRIZOLAO MUNICIPALIZADO 288 PROFESSOR RUY GONCALVES RAMOS,MENDES,RIO DE JANEIRO,7º ANO,C:\Users\User1\Downloads\OneDrive_1_02-06-2026 (1)\CIEP BRIZOLAO MUNICIPALIZADO 288 PROFESSOR RUY GONCALVES RAMOS\Consolidado Saex - 7º ANO.pdf,Matemática,9.0,26.0,33.75,25.4,Defasagem
CIEP BRIZOLAO MUNICIPALIZADO 288 PROFESSOR RUY GONCALVES RAMOS,MENDES,RIO DE JANEIRO,8º ANO,C:\Users\User1\Downloads\OneDrive_1_02-06-2026 (1)\CIEP BRIZOLAO MUNICIPALIZADO 288 PROFESSOR RUY GONCALVES RAMOS\Consolidado Saex - 8º ANO.pdf,Matemática,10.0,26.0,38.08,17.4,Defasagem
CIEP BRIZOLAO MUNICIPALIZADO 288 PROFESSOR RUY GONCALVES RAMOS,MENDES,RIO DE JANEIRO,8º ANO,C:\Users\User1\Downloads\OneDrive_1_02-06-2026 (1)\CIEP BRIZOLAO MUNICIPALIZADO 288 PROFESSOR RUY GONCALVES RAMOS\Consolidado Saex - 8º ANO.pdf,Língua Portuguesa,16.0,26.0,61.24,42.8,Aprendizado intermediário
CIEP BRIZOLAO MUNICIPALIZADO 288 PROFESSOR RUY GONCALVES RAMOS,MENDES,RIO DE JANEIRO,9º ANO,C:\Users\User1\Downloads\OneDrive_1_02-06-2026 (1)\CIEP BRIZOLAO MUNICIPALIZADO 288 PROFESSOR RUY GONCALVES RAMOS\Consolidado Saex - 9º ANO.pdf,Língua Portuguesa,10.0,26.0,40.34,15.4,Defasagem
CIEP BRIZOLAO MUNICIPALIZADO 288 PROFESSOR RUY GONCALVES RAMOS,MENDES,RIO DE JANEIRO,9º ANO,C:\Users\User1\Downloads\OneDrive_1_02-06-2026 (1)\CIEP BRIZOLAO MUNICIPALIZADO 288 PROFESSOR RUY GONCALVES RAMOS\Consolidado Saex - 9º ANO.pdf,Matemática,9.0,26.0,33.37,7.5,Defasagem
ESCOLA MUNICIPAL ANESIO FROTA AGUIAR,MENDES,RIO DE JANEIRO,2º ANO,C:\Users\User1\Downloads\OneDrive_1_02-06-2026 (1)\ESCOLA MUNICIPAL ANESIO FROTA AGUIAR\Consolidado Saex - 2º ANO.pdf,Língua Portuguesa,17.0,22.0,76.45,75.9,Aprendizado adequado
ESCOLA MUNICIPAL ANESIO FROTA AGUIAR,MENDES,RIO DE JANEIRO,2º ANO,C:\Users\User1\Downloads\OneDrive_1_02-06-2026 (1)\ESCOLA MUNICIPAL ANESIO FROTA AGUIAR\Consolidado Saex - 2º ANO.pdf,Matemática,18.0,22.0,79.75,61.3,Aprendizado intermediário
ESCOLA MUNICIPAL ANESIO FROTA AGUIAR,MENDES,RIO DE JANEIRO,3º ANO,C:\Users\User1\Downloads\OneDrive_1_02-06-2026 (1)\ESCOLA MUNICIPAL ANESIO FROTA AGUIAR\Consolidado Saex - 3º ANO.pdf,Língua Portuguesa,16.0,22.0,70.68,58.2,Aprendizado intermediário
ESCOLA MUNICIPAL ANESIO FROTA AGUIAR,MENDES,RIO DE JANEIRO,3º ANO,C:\Users\User1\Downloads\OneDrive_1_02-06-2026 (1)\ESCOLA MUNICIPAL ANESIO FROTA AGUIAR\Consolidado Saex - 3º ANO.pdf,Matemática,13.0,22.0,57.5,32.8,Aprendizado intermediário
ESCOLA MUNICIPAL ANESIO FROTA AGUIAR,MENDES,RIO DE JANEIRO,4º ANO,C:\Users\User1\Downloads\OneDrive_1_02-06-2026 (1)\ESCOLA MUNICIPAL ANESIO FROTA AGUIAR\Consolidado Saex - 4º ANO.pdf,Língua Portuguesa,16.0,22.0,74.55,76.0,Aprendizado adequado
ESCOLA MUNICIPAL ANESIO FROTA AGUIAR,MENDES,RIO DE JANEIRO,4º ANO,C:\Users\User1\Downloads\OneDrive_1_02-06-2026 (1)\ESCOLA MUNICIPAL ANESIO FROTA AGUIAR\Consolidado Saex - 4º ANO.pdf,Matemática,13.0,22.0,59.55,54.8,Aprendizado intermediário
ESCOLA MUNICIPAL ANESIO FROTA AGUIAR,MENDES,RIO DE JANEIRO,5º ANO,C:\Users\User1\Downloads\OneDrive_1_02-06-2026 (1)\ESCOLA MUNICIPAL ANESIO FROTA AGUIAR\Consolidado Saex - 5º ANO.pdf,Língua Portuguesa,12.0,22.0,53.18,46.2,Aprendizado intermediário
ESCOLA MUNICIPAL ANESIO FROTA AGUIAR,MENDES,RIO DE JANEIRO,5º ANO,C:\Users\User1\Downloads\OneDrive_1_02-06-2026 (1)\ESCOLA MUNICIPAL ANESIO FROTA AGUIAR\Consolidado Saex - 5º ANO.pdf,Matemática,15.0,22.0,66.36,72.8,Aprendizado adequado
ESCOLA MUNICIPAL ANTONIO DE FREITAS,MENDES,RIO DE JANEIRO,2º ANO,C:\Users\User1\Downloads\OneDrive_1_02-06-2026 (1)\ESCOLA MUNICIPAL ANTONIO DE FREITAS\Consolidado Saex - 2º ANO.pdf,Língua Portuguesa,11.0,22.0,49.39,25.0,Defasagem
ESCOLA MUNICIPAL ANTONIO DE FREITAS,MENDES,RIO DE JANEIRO,2º ANO,C:\Users\User1\Downloads\OneDrive_1_02-06-2026 (1)\ESCOLA MUNICIPAL ANTONIO DE FREITAS\Consolidado Saex - 2º ANO.pdf,Matemática,15.0,22.0,66.23,37.4,Aprendizado intermediário
ESCOLA MUNICIPAL ANTONIO DE FREITAS,MENDES,RIO DE JANEIRO,3º ANO,C:\Users\User1\Downloads\OneDrive_1_02-06-2026 (1)\ESCOLA MUNICIPAL ANTONIO DE FREITAS\Consolidado Saex - 3º ANO.pdf,Língua Portuguesa,11.0,22.0,50.7,24.9,Defasagem
ESCOLA MUNICIPAL ANTONIO DE FREITAS,MENDES,RIO DE JANEIRO,3º ANO,C:\Users\User1\Downloads\OneDrive_1_02-06-2026 (1)\ESCOLA MUNICIPAL ANTONIO DE FREITAS\Consolidado Saex - 3º ANO.pdf,Matemática,13.0,22.0,58.39,37.6,Aprendizado intermediário
ESCOLA MUNICIPAL ANTONIO DE FREITAS,MENDES,RIO DE JANEIRO,4º ANO,C:\Users\User1\Downloads\OneDrive_1_02-06-2026 (1)\ESCOLA MUNICIPAL ANTONIO DE FREITAS\Consolidado Saex - 4º ANO.pdf,Língua Portuguesa,12.0,22.0,56.82,46.3,Aprendizado intermediário
ESCOLA MUNICIPAL ANTONIO DE FREITAS,MENDES,RIO DE JANEIRO,4º ANO,C:\Users\User1\Downloads\OneDrive_1_02-06-2026 (1)\ESCOLA MUNICIPAL ANTONIO DE FREITAS\Consolidado Saex - 4º ANO.pdf,Matemática,10.0,22.0,45.13,32.6,Aprendizado intermediário
ESCOLA MUNICIPAL ANTONIO DE FREITAS,MENDES,RIO DE JANEIRO,5º ANO,C:\Users\User1\Downloads\OneDrive_1_02-06-2026 (1)\ESCOLA MUNICIPAL ANTONIO DE FREITAS\Consolidado Saex - 5º ANO.pdf,Língua Portuguesa,13.0,22.0,60.84,58.8,Aprendizado intermediário
ESCOLA MUNICIPAL ANTONIO DE FREITAS,MENDES,RIO DE JANEIRO,5º ANO,C:\Users\User1\Downloads\OneDrive_1_02-06-2026 (1)\ESCOLA MUNICIPAL ANTONIO DE FREITAS\Consolidado Saex - 5º ANO.pdf,Matemática,10.0,22.0,44.41,32.8,Aprendizado intermediário
ESCOLA MUNICIPAL HILDA BRAGA,MENDES,RIO DE JANEIRO,2º ANO,C:\Users\User1\Downloads\OneDrive_1_02-06-2026 (1)\ESCOLA MUNICIPAL HILDA BRAGA\Consolidado Saex - 2º ANO.pdf,Língua Portuguesa,14.0,22.0,63.89,50.3,Aprendizado intermediário
ESCOLA MUNICIPAL HILDA BRAGA,MENDES,RIO DE JANEIRO,2º ANO,C:\Users\User1\Downloads\OneDrive_1_02-06-2026 (1)\ESCOLA MUNICIPAL HILDA BRAGA\Consolidado Saex - 2º ANO.pdf,Matemática,17.0,22.0,75.76,54.0,Aprendizado intermediário
ESCOLA MUNICIPAL HILDA BRAGA,MENDES,RIO DE JANEIRO,3º ANO,C:\Users\User1\Downloads\OneDrive_1_02-06-2026 (1)\ESCOLA MUNICIPAL HILDA BRAGA\Consolidado Saex - 3º ANO.pdf,Língua Portuguesa,17.0,22.0,75.84,66.7,Aprendizado intermediário
ESCOLA MUNICIPAL HILDA BRAGA,MENDES,RIO DE JANEIRO,3º ANO,C:\Users\User1\Downloads\OneDrive_1_02-06-2026 (1)\ESCOLA MUNICIPAL HILDA BRAGA\Consolidado Saex - 3º ANO.pdf,Matemática,15.0,22.0,70.1,52.4,Aprendizado intermediário
ESCOLA MUNICIPAL HILDA BRAGA,MENDES,RIO DE JANEIRO,4º ANO,C:\Users\User1\Downloads\OneDrive_1_02-06-2026 (1)\ESCOLA MUNICIPAL HILDA BRAGA\Consolidado Saex - 4º ANO.pdf,Língua Portuguesa,19.0,22.0,84.71,95.6,Aprendizado adequado
ESCOLA MUNICIPAL HILDA BRAGA,MENDES,RIO DE JANEIRO,4º ANO,C:\Users\User1\Downloads\OneDrive_1_02-06-2026 (1)\ESCOLA MUNICIPAL HILDA BRAGA\Consolidado Saex - 4º ANO.pdf,Matemática,13.0,22.0,58.68,49.7,Aprendizado intermediário
ESCOLA MUNICIPAL HILDA BRAGA,MENDES,RIO DE JANEIRO,5º ANO,C:\Users\User1\Downloads\OneDrive_1_02-06-2026 (1)\ESCOLA MUNICIPAL HILDA BRAGA\Consolidado Saex - 5º ANO.pdf,Língua Portuguesa,13.0,22.0,60.96,59.8,Aprendizado intermediário
ESCOLA MUNICIPAL HILDA BRAGA,MENDES,RIO DE JANEIRO,5º ANO,C:\Users\User1\Downloads\OneDrive_1_02-06-2026 (1)\ESCOLA MUNICIPAL HILDA BRAGA\Consolidado Saex - 5º ANO.pdf,Matemática,10.0,22.0,43.85,29.1,Defasagem
ESCOLA MUNICIPAL MARIA SEMEDO DE ANDRADE,MENDES,RIO DE JANEIRO,2º ANO,C:\Users\User1\Downloads\OneDrive_1_02-06-2026 (1)\ESCOLA MUNICIPAL MARIA SEMEDO DE ANDRADE\Consolidado Saex - 2º ANO.pdf,Língua Portuguesa,16.0,22.0,70.45,61.3,Aprendizado intermediário
ESCOLA MUNICIPAL MARIA SEMEDO DE ANDRADE,MENDES,RIO DE JANEIRO,2º ANO,C:\Users\User1\Downloads\OneDrive_1_02-06-2026 (1)\ESCOLA MUNICIPAL MARIA SEMEDO DE ANDRADE\Consolidado Saex - 2º ANO.pdf,Matemática,20.0,22.0,89.29,81.2,Aprendizado adequado
ESCOLA MUNICIPAL MARIA SEMEDO DE ANDRADE,MENDES,RIO DE JANEIRO,3º ANO,C:\Users\User1\Downloads\OneDrive_1_02-06-2026 (1)\ESCOLA MUNICIPAL MARIA SEMEDO DE ANDRADE\Consolidado Saex - 3º ANO.pdf,Língua Portuguesa,13.0,22.0,59.74,37.8,Aprendizado intermediário
ESCOLA MUNICIPAL MARIA SEMEDO DE ANDRADE,MENDES,RIO DE JANEIRO,3º ANO,C:\Users\User1\Downloads\OneDrive_1_02-06-2026 (1)\ESCOLA MUNICIPAL MARIA SEMEDO DE ANDRADE\Consolidado Saex - 3º ANO.pdf,Matemática,15.0,22.0,68.88,51.6,Aprendizado intermediário
ESCOLA MUNICIPAL MARIA SEMEDO DE ANDRADE,MENDES,RIO DE JANEIRO,4º ANO,C:\Users\User1\Downloads\OneDrive_1_02-06-2026 (1)\ESCOLA MUNICIPAL MARIA SEMEDO DE ANDRADE\Consolidado Saex - 4º ANO.pdf,Língua Portuguesa,14.0,22.0,64.62,56.6,Aprendizado intermediário
ESCOLA MUNICIPAL MARIA SEMEDO DE ANDRADE,MENDES,RIO DE JANEIRO,4º ANO,C:\Users\User1\Downloads\OneDrive_1_02-06-2026 (1)\ESCOLA MUNICIPAL MARIA SEMEDO DE ANDRADE\Consolidado Saex - 4º ANO.pdf,Matemática,13.0,22.0,60.47,50.1,Aprendizado intermediário
ESCOLA MUNICIPAL MARIA SEMEDO DE ANDRADE,MENDES,RIO DE JANEIRO,5º ANO,C:\Users\User1\Downloads\OneDrive_1_02-06-2026 (1)\ESCOLA MUNICIPAL MARIA SEMEDO DE ANDRADE\Consolidado Saex - 5º ANO.pdf,Língua Portuguesa,10.0,22.0,46.24,35.6,Aprendizado intermediário
ESCOLA MUNICIPAL MARIA SEMEDO DE ANDRADE,MENDES,RIO DE JANEIRO,5º ANO,C:\Users\User1\Downloads\OneDrive_1_02-06-2026 (1)\ESCOLA MUNICIPAL MARIA SEMEDO DE ANDRADE\Consolidado Saex - 5º ANO.pdf,Matemática,10.0,22.0,45.45,34.2,Aprendizado intermediário
ESCOLA MUNICIPALIADA JAYME SICILIANO,MENDES,RIO DE JANEIRO,2º ANO,C:\Users\User1\Downloads\OneDrive_1_02-06-2026 (1)\ESCOLA MUNICIPALIADA JAYME SICILIANO\Consolidado Saex - 2º ANO.pdf,Língua Portuguesa,14.0,22.0,64.03,51.4,Aprendizado intermediário
ESCOLA MUNICIPALIADA JAYME SICILIANO,MENDES,RIO DE JANEIRO,2º ANO,C:\Users\User1\Downloads\OneDrive_1_02-06-2026 (1)\ESCOLA MUNICIPALIADA JAYME SICILIANO\Consolidado Saex - 2º ANO.pdf,Matemática,16.0,22.0,72.86,49.8,Aprendizado intermediário
ESCOLA MUNICIPALIADA JAYME SICILIANO,MENDES,RIO DE JANEIRO,3º ANO,C:\Users\User1\Downloads\OneDrive_1_02-06-2026 (1)\ESCOLA MUNICIPALIADA JAYME SICILIANO\Consolidado Saex - 3º ANO.pdf,Língua Portuguesa,15.0,22.0,69.99,56.9,Aprendizado intermediário
ESCOLA MUNICIPALIADA JAYME SICILIANO,MENDES,RIO DE JANEIRO,3º ANO,C:\Users\User1\Downloads\OneDrive_1_02-06-2026 (1)\ESCOLA MUNICIPALIADA JAYME SICILIANO\Consolidado Saex - 3º ANO.pdf,Matemática,15.0,22.0,69.32,53.7,Aprendizado intermediário
ESCOLA MUNICIPALIADA JAYME SICILIANO,MENDES,RIO DE JANEIRO,4º ANO,C:\Users\User1\Downloads\OneDrive_1_02-06-2026 (1)\ESCOLA MUNICIPALIADA JAYME SICILIANO\Consolidado Saex - 4º ANO.pdf,Língua Portuguesa,14.0,22.0,64.5,57.6,Aprendizado intermediário
ESCOLA MUNICIPALIADA JAYME SICILIANO,MENDES,RIO DE JANEIRO,4º ANO,C:\Users\User1\Downloads\OneDrive_1_02-06-2026 (1)\ESCOLA MUNICIPALIADA JAYME SICILIANO\Consolidado Saex - 4º ANO.pdf,Matemática,12.0,22.0,56.24,44.6,Aprendizado intermediário
ESCOLA MUNICIPALIADA JAYME SICILIANO,MENDES,RIO DE JANEIRO,5º ANO,C:\Users\User1\Downloads\OneDrive_1_02-06-2026 (1)\ESCOLA MUNICIPALIADA JAYME SICILIANO\Consolidado Saex - 5º ANO.pdf,Língua Portuguesa,13.0,22.0,57.94,54.2,Aprendizado intermediário
ESCOLA MUNICIPALIADA JAYME SICILIANO,MENDES,RIO DE JANEIRO,5º ANO,C:\Users\User1\Downloads\OneDrive_1_02-06-2026 (1)\ESCOLA MUNICIPALIADA JAYME SICILIANO\Consolidado Saex - 5º ANO.pdf,Matemática,10.0,22.0,46.29,32.2,Aprendizado intermediário
ESCOLA MUNICIPALIZADA AMELIA DE LIMA E SILVA,MENDES,RIO DE JANEIRO,2º ANO,C:\Users\User1\Downloads\OneDrive_1_02-06-2026 (1)\ESCOLA MUNICIPALIZADA AMELIA DE LIMA E SILVA\Consolidado Saex - 2º ANO.pdf,Língua Portuguesa,14.0,22.0,64.24,49.1,Aprendizado intermediário
ESCOLA MUNICIPALIZADA AMELIA DE LIMA E SILVA,MENDES,RIO DE JANEIRO,2º ANO,C:\Users\User1\Downloads\OneDrive_1_02-06-2026 (1)\ESCOLA MUNICIPALIZADA AMELIA DE LIMA E SILVA\Consolidado Saex - 2º ANO.pdf,Matemática,16.0,22.0,70.61,46.5,Aprendizado intermediário
ESCOLA MUNICIPALIZADA AMELIA DE LIMA E SILVA,MENDES,RIO DE JANEIRO,3º ANO,C:\Users\User1\Downloads\OneDrive_1_02-06-2026 (1)\ESCOLA MUNICIPALIZADA AMELIA DE LIMA E SILVA\Consolidado Saex - 3º ANO.pdf,Língua Portuguesa,12.0,22.0,54.01,27.8,Defasagem
ESCOLA MUNICIPALIZADA AMELIA DE LIMA E SILVA,MENDES,RIO DE JANEIRO,3º ANO,C:\Users\User1\Downloads\OneDrive_1_02-06-2026 (1)\ESCOLA MUNICIPALIZADA AMELIA DE LIMA E SILVA\Consolidado Saex - 3º ANO.pdf,Matemática,11.0,22.0,48.48,25.1,Defasagem
ESCOLA MUNICIPALIZADA AMELIA DE LIMA E SILVA,MENDES,RIO DE JANEIRO,4º ANO,C:\Users\User1\Downloads\OneDrive_1_02-06-2026 (1)\ESCOLA MUNICIPALIZADA AMELIA DE LIMA E SILVA\Consolidado Saex - 4º ANO.pdf,Língua Portuguesa,15.0,22.0,66.97,64.3,Aprendizado intermediário
ESCOLA MUNICIPALIZADA AMELIA DE LIMA E SILVA,MENDES,RIO DE JANEIRO,4º ANO,C:\Users\User1\Downloads\OneDrive_1_02-06-2026 (1)\ESCOLA MUNICIPALIZADA AMELIA DE LIMA E SILVA\Consolidado Saex - 4º ANO.pdf,Matemática,16.0,22.0,74.24,81.6,Aprendizado adequado
ESCOLA MUNICIPALIZADA AMELIA DE LIMA E SILVA,MENDES,RIO DE JANEIRO,5º ANO,C:\Users\User1\Downloads\OneDrive_1_02-06-2026 (1)\ESCOLA MUNICIPALIZADA AMELIA DE LIMA E SILVA\Consolidado Saex - 5º ANO.pdf,Língua Portuguesa,12.0,22.0,56.22,51.1,Aprendizado intermediário
ESCOLA MUNICIPALIZADA AMELIA DE LIMA E SILVA,MENDES,RIO DE JANEIRO,5º ANO,C:\Users\User1\Downloads\OneDrive_1_02-06-2026 (1)\ESCOLA MUNICIPALIZADA AMELIA DE LIMA E SILVA\Consolidado Saex - 5º ANO.pdf,Matemática,10.0,22.0,43.69,31.7,Aprendizado intermediário
ESCOLA MUNICIPALIZADA PREFEITO JOAO GURITO,MENDES,RIO DE JANEIRO,2º ANO,C:\Users\User1\Downloads\OneDrive_1_02-06-2026 (1)\ESCOLA MUNICIPALIZADA PREFEITO JOAO GURITO\Consolidado Saex - 2º ANO.pdf,Língua Portuguesa,13.0,22.0,60.0,44.0,Aprendizado intermediário
ESCOLA MUNICIPALIZADA PREFEITO JOAO GURITO,MENDES,RIO DE JANEIRO,2º ANO,C:\Users\User1\Downloads\OneDrive_1_02-06-2026 (1)\ESCOLA MUNICIPALIZADA PREFEITO JOAO GURITO\Consolidado Saex - 2º ANO.pdf,Matemática,17.0,22.0,77.58,59.1,Aprendizado intermediário
ESCOLA MUNICIPALIZADA PREFEITO JOAO GURITO,MENDES,RIO DE JANEIRO,3º ANO,C:\Users\User1\Downloads\OneDrive_1_02-06-2026 (1)\ESCOLA MUNICIPALIZADA PREFEITO JOAO GURITO\Consolidado Saex - 3º ANO.pdf,Língua Portuguesa,16.0,22.0,74.85,63.2,Aprendizado intermediário
ESCOLA MUNICIPALIZADA PREFEITO JOAO GURITO,MENDES,RIO DE JANEIRO,3º ANO,C:\Users\User1\Downloads\OneDrive_1_02-06-2026 (1)\ESCOLA MUNICIPALIZADA PREFEITO JOAO GURITO\Consolidado Saex - 3º ANO.pdf,Matemática,19.0,22.0,85.15,78.0,Aprendizado adequado
ESCOLA MUNICIPALIZADA PREFEITO JOAO GURITO,MENDES,RIO DE JANEIRO,4º ANO,C:\Users\User1\Downloads\OneDrive_1_02-06-2026 (1)\ESCOLA MUNICIPALIZADA PREFEITO JOAO GURITO\Consolidado Saex - 4º ANO.pdf,Língua Portuguesa,15.0,22.0,66.97,60.3,Aprendizado intermediário
ESCOLA MUNICIPALIZADA PREFEITO JOAO GURITO,MENDES,RIO DE JANEIRO,4º ANO,C:\Users\User1\Downloads\OneDrive_1_02-06-2026 (1)\ESCOLA MUNICIPALIZADA PREFEITO JOAO GURITO\Consolidado Saex - 4º ANO.pdf,Matemática,12.0,22.0,54.24,43.1,Aprendizado intermediário
ESCOLA MUNICIPALIZADA PREFEITO JOAO GURITO,MENDES,RIO DE JANEIRO,5º ANO,C:\Users\User1\Downloads\OneDrive_1_02-06-2026 (1)\ESCOLA MUNICIPALIZADA PREFEITO JOAO GURITO\Consolidado Saex - 5º ANO.pdf,Língua Portuguesa,12.0,22.0,54.34,47.9,Aprendizado intermediário
ESCOLA MUNICIPALIZADA PREFEITO JOAO GURITO,MENDES,RIO DE JANEIRO,5º ANO,C:\Users\User1\Downloads\OneDrive_1_02-06-2026 (1)\ESCOLA MUNICIPALIZADA PREFEITO JOAO GURITO\Consolidado Saex - 5º ANO.pdf,Matemática,9.0,22.0,43.07,29.3,Defasagem
